{"cameraMode":{"drawMode":0,"name":"Shaded","section":"Shading Mode"},"sceneLighting":false,"audioPlay":false,"sceneViewState":{"showFog":true,"showMaterialUpdate":false,"showSkybox":false,"showFlares":true,"showImageEffects":true,"showParticleSystems":true},"in2DMode":false,"pivot":{"x":0.22271442413330079,"y":-0.25951945781707766,"z":0.19010496139526368},"rotation":{"x":0.2004937380552292,"y":-0.7949606776237488,"z":0.3544338643550873,"w":0.44968730211257937},"size":5.7157673835754398,"orthographic":false}